{"timestamp": "2025-08-10T10:46:14.264742", "avg_views": 426046.63636363635, "view_sub_ratio": 2.7846185383244206, "hot_ratio": 0.22727272727272727}