{"timestamp": "2025-08-10T10:46:12.695800", "avg_views": 1483245.642857143, "view_sub_ratio": 20.658017309988065, "hot_ratio": 0.14285714285714285}