{"timestamp": "2025-08-10T10:46:03.931701", "avg_views": 3367125.4, "view_sub_ratio": 13.256399212598424, "hot_ratio": 0.15}