{"timestamp": "2025-08-10T10:46:15.033784", "avg_views": 135041.3, "view_sub_ratio": 5.74643829787234, "hot_ratio": 0.04}