{"timestamp": "2025-08-10T10:46:11.519763", "avg_views": 159064.74, "view_sub_ratio": 1.5006107547169811, "hot_ratio": 0.1}