{"timestamp": "2025-08-10T10:46:08.520197", "avg_views": 3861691.3125, "view_sub_ratio": 26.632353879310344, "hot_ratio": 0.1875}