{"timestamp": "2025-08-10T10:46:10.255147", "avg_views": 252254.44, "view_sub_ratio": 1.9256064122137404, "hot_ratio": 0.08}